player_tag,player_name,brawler_name,2024-01-10,2024-01-11,2024-01-12,2024-01-14,2024-01-15,2024-01-16,2024-01-17,2024-01-18,2024-01-19,2024-01-20,2024-01-21,2024-01-22,2024-01-23,2024-01-24,2024-01-25,2024-01-26,2024-01-27,2024-01-28,2024-01-29,2024-01-30,2024-01-31
2RQ9R90G9,pigeon voyageur,8-BIT,55,55,55,146,146,146,146,146,146,263,307,307,307,307,307,307,307,307,307,307,307
2RQ9R90G9,pigeon voyageur,BARLEY,236,236,236,236,236,236,236,236,240,261,261,261,261,261,261,261,261,261,261,261,261
2RQ9R90G9,pigeon voyageur,BEA,99,140,140,138,138,138,138,138,166,204,204,204,204,204,204,206,212,209,209,209,209
2RQ9R90G9,pigeon voyageur,BO,161,161,161,212,212,212,221,221,221,233,265,265,265,265,265,265,265,273,273,273,273
2RQ9R90G9,pigeon voyageur,BROCK,237,237,237,300,300,300,300,300,300,300,300,300,300,300,300,300,300,300,300,300,300
2RQ9R90G9,pigeon voyageur,BULL,334,334,342,338,338,338,338,338,338,338,376,376,376,376,376,376,376,376,376,376,376
2RQ9R90G9,pigeon voyageur,BUZZ,392,430,452,460,460,460,460,460,460,510,556,556,556,556,556,556,556,584,589,591,591
2RQ9R90G9,pigeon voyageur,CARL,127,127,127,156,155,214,214,214,214,214,214,214,214,214,214,214,214,214,214,214,214
2RQ9R90G9,pigeon voyageur,COLETTE,147,147,156,154,154,154,154,154,154,154,194,194,194,194,194,194,194,194,194,194,194
2RQ9R90G9,pigeon voyageur,COLT,496,496,496,496,496,496,496,496,496,505,546,531,532,526,529,524,524,518,518,518,518
2RQ9R90G9,pigeon voyageur,DARRYL,216,216,216,216,216,216,216,216,216,216,216,216,216,216,216,216,216,216,216,216,216
2RQ9R90G9,pigeon voyageur,DYNAMIKE,145,145,145,182,182,182,182,182,182,182,205,205,205,205,205,205,205,205,205,205,205
2RQ9R90G9,pigeon voyageur,EDGAR,259,259,283,302,302,302,302,302,302,302,302,302,302,302,302,302,302,302,302,302,302
2RQ9R90G9,pigeon voyageur,EL PRIMO,410,410,410,426,426,426,426,426,426,428,428,428,428,428,428,428,428,428,428,428,428
2RQ9R90G9,pigeon voyageur,EMZ,0,99,99,144,144,144,144,144,144,199,199,199,199,199,199,199,199,199,199,199,199
2RQ9R90G9,pigeon voyageur,GENE,250,250,250,250,250,250,255,307,307,307,307,307,307,307,307,307,307,307,307,307,307
2RQ9R90G9,pigeon voyageur,GRIFF,0,0,0,207,207,207,203,203,203,203,203,203,203,203,203,203,203,203,203,203,203
2RQ9R90G9,pigeon voyageur,GROM,137,137,137,140,140,140,140,140,140,140,140,140,140,140,140,140,140,140,140,140,140
2RQ9R90G9,pigeon voyageur,GUS,11,11,11,143,143,143,143,143,143,187,187,187,187,187,187,187,187,187,187,187,187
2RQ9R90G9,pigeon voyageur,JACKY,190,190,190,190,190,190,190,190,190,190,190,190,190,190,190,190,190,190,190,190,190
2RQ9R90G9,pigeon voyageur,JESSIE,186,186,186,186,186,186,186,186,186,186,186,186,186,186,186,186,186,186,186,186,186
2RQ9R90G9,pigeon voyageur,LOU,299,299,299,306,306,306,306,306,306,306,306,306,306,306,306,306,306,306,306,306,306
2RQ9R90G9,pigeon voyageur,MAX,0,0,0,0,0,67,67,67,198,198,308,302,302,302,302,315,341,341,341,356,356
2RQ9R90G9,pigeon voyageur,NANI,440,440,440,463,463,463,463,463,453,505,505,500,500,500,500,500,500,500,500,500,500
2RQ9R90G9,pigeon voyageur,NITA,301,301,301,301,301,301,301,301,301,301,301,301,301,301,301,301,301,301,301,301,301
2RQ9R90G9,pigeon voyageur,PAM,254,254,254,302,302,302,302,302,302,302,302,302,302,302,302,302,302,302,302,302,302
2RQ9R90G9,pigeon voyageur,PEARL,0,0,0,0,0,34,261,310,311,311,311,311,311,311,311,311,311,311,311,311,311
2RQ9R90G9,pigeon voyageur,PENNY,172,172,172,172,172,172,172,172,172,202,202,202,202,202,202,202,202,202,202,202,202
2RQ9R90G9,pigeon voyageur,POCO,190,190,190,190,190,190,190,190,190,190,190,190,190,190,190,190,190,190,190,190,190
2RQ9R90G9,pigeon voyageur,RICO,144,144,144,144,144,163,173,173,173,188,188,188,188,188,188,188,188,188,188,188,188
2RQ9R90G9,pigeon voyageur,ROSA,382,382,382,382,382,382,378,378,378,378,378,378,378,378,378,378,378,378,378,378,378
2RQ9R90G9,pigeon voyageur,SHELLY,397,397,397,397,397,397,397,397,397,397,397,397,397,397,397,397,397,397,397,397,397
2RQ9R90G9,pigeon voyageur,STU,0,0,0,0,0,0,0,0,0,0,99,99,99,99,99,99,99,99,99,99,99
2RQ9R90G9,pigeon voyageur,SURGE,142,142,142,183,183,183,183,271,308,308,308,308,308,308,308,308,308,308,308,308,308
2RQ9R90G9,pigeon voyageur,TARA,304,304,304,304,304,304,304,304,304,304,329,329,329,329,329,329,329,325,325,325,325
2RQ9R90G9,pigeon voyageur,TICK,99,99,99,148,148,148,148,148,148,148,148,148,148,148,148,148,148,148,148,148,148
2ULL2VUUQ,Val,8-BIT,500,500,500,500,500,500,500,500,500,500,500,500,500,500,500,500,500,500,500,500,500
2ULL2VUUQ,Val,AMBER,309,309,309,309,309,309,309,309,309,309,309,309,309,309,309,309,309,309,309,309,309
2ULL2VUUQ,Val,ASH,513,513,513,513,513,513,513,513,513,513,513,513,513,513,500,500,500,500,500,500,500
2ULL2VUUQ,Val,BARLEY,384,384,384,384,384,384,384,384,384,384,384,384,384,384,384,384,384,384,384,384,384
2ULL2VUUQ,Val,BEA,406,406,406,406,406,406,406,406,406,406,406,406,406,406,406,406,406,406,406,406,406
2ULL2VUUQ,Val,BELLE,506,506,506,506,506,506,506,506,506,506,506,506,506,506,506,506,506,506,506,506,506
2ULL2VUUQ,Val,BIBI,507,507,507,507,507,507,507,507,507,507,507,507,507,507,507,507,507,507,507,507,507
2ULL2VUUQ,Val,BO,499,499,499,499,499,499,499,499,499,499,499,499,499,499,499,499,499,499,499,499,499
2ULL2VUUQ,Val,BONNIE,195,195,195,195,195,195,195,195,195,195,195,195,195,195,195,195,195,195,195,195,195
2ULL2VUUQ,Val,BROCK,423,423,423,423,423,423,423,423,423,423,423,423,423,423,423,423,423,423,423,423,423
2ULL2VUUQ,Val,BULL,495,495,495,495,495,495,495,495,495,495,495,495,495,495,495,495,495,495,495,495,495
2ULL2VUUQ,Val,BUSTER,256,256,256,256,256,256,254,254,254,254,254,254,254,254,254,254,254,254,254,254,254
2ULL2VUUQ,Val,BUZZ,466,466,466,466,466,466,466,466,466,466,466,466,466,466,466,466,466,466,466,466,466
2ULL2VUUQ,Val,BYRON,411,411,411,411,411,411,411,411,411,411,411,411,411,411,411,411,411,411,411,411,411
2ULL2VUUQ,Val,CARL,499,499,499,499,499,499,499,499,499,499,499,499,499,499,499,499,499,499,499,499,499
2ULL2VUUQ,Val,CHARLIE,180,180,180,180,180,180,180,180,180,180,180,180,180,180,180,180,180,180,180,180,180
2ULL2VUUQ,Val,COLETTE,405,405,405,405,405,405,405,405,405,405,405,405,405,405,405,405,405,405,405,405,405
2ULL2VUUQ,Val,COLT,490,490,490,490,490,490,490,490,490,490,490,490,490,490,490,490,490,490,490,490,490
2ULL2VUUQ,Val,CORDELIUS,202,202,202,202,202,202,296,296,296,296,296,296,296,296,296,296,296,296,296,296,296
2ULL2VUUQ,Val,CROW,559,559,559,559,559,559,547,547,547,547,547,547,547,547,524,524,524,524,524,524,524
2ULL2VUUQ,Val,DARRYL,495,495,495,495,495,495,495,495,495,495,495,495,495,495,495,495,495,495,495,495,495
2ULL2VUUQ,Val,DOUG,0,0,0,0,0,0,13,13,13,13,13,13,13,13,13,13,13,13,36,36,36
2ULL2VUUQ,Val,DYNAMIKE,506,506,506,506,506,506,506,506,506,506,506,506,506,506,506,506,506,506,506,506,506
2ULL2VUUQ,Val,EDGAR,524,524,524,524,524,524,524,524,524,524,524,524,524,524,500,500,500,500,500,500,500
2ULL2VUUQ,Val,EL PRIMO,504,504,504,504,504,504,504,504,504,504,504,504,504,504,504,504,504,504,504,504,504
2ULL2VUUQ,Val,EMZ,502,502,502,502,502,502,502,502,502,502,502,502,502,502,502,502,502,502,502,502,502
2ULL2VUUQ,Val,FANG,445,445,445,445,445,445,445,445,445,445,445,445,445,445,445,445,445,445,445,445,445
2ULL2VUUQ,Val,FRANK,522,522,522,522,522,522,570,570,570,570,570,570,570,570,549,549,549,549,549,549,549
2ULL2VUUQ,Val,GALE,496,496,496,496,496,496,496,496,496,496,496,496,496,496,496,496,496,496,496,496,496
2ULL2VUUQ,Val,GENE,495,495,495,495,495,495,495,495,495,495,495,495,495,495,495,495,495,495,495,495,495
2ULL2VUUQ,Val,GRAY,143,143,143,143,143,143,143,143,143,143,143,143,143,143,143,143,143,143,143,143,143
2ULL2VUUQ,Val,GRIFF,479,479,479,479,479,479,479,479,479,479,479,479,479,479,479,479,479,479,479,479,479
2ULL2VUUQ,Val,GROM,67,67,67,67,67,67,67,67,67,67,67,67,67,67,67,67,67,67,67,67,67
2ULL2VUUQ,Val,GUS,397,397,397,397,397,397,397,397,397,397,397,397,397,397,397,397,397,397,397,397,397
2ULL2VUUQ,Val,HANK,71,71,71,71,71,71,71,71,71,71,71,71,71,71,71,71,71,71,71,71,71
2ULL2VUUQ,Val,JACKY,500,500,500,500,500,500,500,500,500,500,500,500,500,500,500,500,500,500,500,500,500
2ULL2VUUQ,Val,JANET,163,163,163,163,163,163,163,163,163,163,163,163,163,163,163,163,163,163,163,163,163
2ULL2VUUQ,Val,JESSIE,507,507,507,507,507,507,507,507,507,507,507,507,507,507,507,507,507,507,507,507,507
2ULL2VUUQ,Val,LEON,668,668,668,668,668,668,676,676,676,676,676,676,676,676,674,674,674,682,670,670,670
2ULL2VUUQ,Val,LOLA,81,81,81,81,81,81,81,81,81,81,81,81,81,81,81,81,81,81,81,81,81
2ULL2VUUQ,Val,LOU,430,430,430,430,430,430,430,430,430,430,430,430,430,430,430,430,430,430,430,430,430
2ULL2VUUQ,Val,MANDY,206,206,206,206,206,206,206,206,206,206,206,206,206,206,206,206,206,206,206,206,206
2ULL2VUUQ,Val,MAX,463,463,463,463,463,463,463,463,463,463,463,463,463,463,463,463,463,463,463,463,463
2ULL2VUUQ,Val,MEG,245,245,245,245,245,245,245,245,245,245,245,245,245,245,245,245,245,245,245,245,245
2ULL2VUUQ,Val,MICO,44,44,44,44,44,44,44,44,44,44,44,44,44,44,44,44,44,44,44,44,44
2ULL2VUUQ,Val,MORTIS,508,508,508,508,508,508,508,508,508,508,508,508,508,508,500,500,500,500,500,500,500
2ULL2VUUQ,Val,MR. P,443,443,443,443,443,443,443,443,443,443,443,443,443,443,443,443,443,443,443,443,443
2ULL2VUUQ,Val,NANI,500,500,500,500,500,500,500,500,500,500,500,500,500,500,500,500,500,500,500,500,500
2ULL2VUUQ,Val,NITA,500,500,500,500,500,500,500,500,500,500,500,500,500,500,500,500,500,500,500,500,500
2ULL2VUUQ,Val,OTIS,294,294,294,294,294,294,294,294,294,294,294,294,294,294,294,294,294,294,294,294,294
2ULL2VUUQ,Val,PAM,500,500,500,500,500,500,500,500,500,500,500,500,500,500,500,500,500,500,500,500,500
2ULL2VUUQ,Val,PENNY,489,489,489,489,489,489,489,489,489,489,489,489,489,489,489,489,489,489,489,489,489
2ULL2VUUQ,Val,PIPER,495,495,495,495,495,495,495,495,495,495,495,495,495,495,495,495,495,495,495,495,495
2ULL2VUUQ,Val,POCO,572,572,572,572,572,572,572,572,572,572,572,572,572,572,549,549,549,549,549,549,549
2ULL2VUUQ,Val,R-T,124,124,124,124,124,124,124,124,124,124,124,124,124,124,124,124,124,124,124,124,124
2ULL2VUUQ,Val,RICO,502,502,502,502,502,502,502,502,502,502,502,502,502,502,502,502,502,502,502,502,502
2ULL2VUUQ,Val,ROSA,493,493,493,493,493,493,493,493,493,493,493,493,493,493,493,493,493,493,493,493,493
2ULL2VUUQ,Val,RUFFS,430,430,430,430,430,430,430,430,430,430,430,430,430,430,430,430,430,430,430,430,430
2ULL2VUUQ,Val,SANDY,500,500,500,500,500,500,500,500,500,500,500,500,500,500,500,500,500,500,500,500,500
2ULL2VUUQ,Val,SHELLY,601,601,601,601,601,601,601,601,601,601,601,601,601,601,599,599,599,599,599,599,599
2ULL2VUUQ,Val,SPIKE,211,211,211,211,211,211,211,211,211,211,211,211,211,211,211,211,211,211,211,211,211
2ULL2VUUQ,Val,SPROUT,504,504,504,504,504,504,504,504,504,504,504,504,504,504,504,504,504,504,504,504,504
2ULL2VUUQ,Val,SQUEAK,518,518,518,518,518,518,518,518,518,518,518,518,518,518,500,500,500,500,500,500,500
2ULL2VUUQ,Val,STU,524,524,524,524,524,524,524,524,524,524,524,524,524,524,500,500,500,500,500,500,500
2ULL2VUUQ,Val,SURGE,506,506,506,506,506,506,506,506,506,506,506,506,506,506,506,506,506,506,506,506,506
2ULL2VUUQ,Val,TARA,495,495,495,495,495,495,495,495,495,495,495,495,495,495,495,495,495,495,495,495,495
2ULL2VUUQ,Val,TICK,425,425,425,425,425,425,425,425,425,425,425,425,425,425,425,425,425,425,425,425,425
2ULL2VUUQ,Val,WILLOW,254,254,254,254,254,254,254,254,254,254,254,254,254,254,254,254,254,254,254,254,254
8P29PQQR2,Deletto_blue,8-BIT,0,0,145,145,145,145,145,145,145,189,189,189,189,189,189,189,189,189,189,189,218
8P29PQQR2,Deletto_blue,BARLEY,131,144,144,144,144,144,144,144,144,144,144,144,155,155,155,155,155,155,155,164,173
8P29PQQR2,Deletto_blue,BEA,0,0,0,0,0,0,0,0,0,0,0,0,60,60,60,60,60,60,60,60,60
8P29PQQR2,Deletto_blue,BO,0,146,169,205,308,308,308,308,308,308,304,304,342,342,342,342,342,342,342,342,342
8P29PQQR2,Deletto_blue,BONNIE,0,0,0,0,0,0,0,0,0,0,0,0,0,0,0,0,0,0,0,0,0
8P29PQQR2,Deletto_blue,BROCK,102,102,143,164,164,211,211,211,211,211,211,211,211,211,211,211,211,211,211,211,211
8P29PQQR2,Deletto_blue,BULL,113,139,306,306,306,306,306,306,306,306,306,306,306,306,306,324,324,324,324,324,324
8P29PQQR2,Deletto_blue,BUZZ,0,0,0,0,0,0,0,0,0,0,0,0,0,129,171,171,171,171,171,171,171
8P29PQQR2,Deletto_blue,CARL,47,47,141,192,192,192,192,192,192,192,192,192,192,192,192,201,201,201,201,201,201
8P29PQQR2,Deletto_blue,COLT,580,574,574,574,574,618,604,604,604,608,601,599,599,599,599,599,599,599,599,599,599
8P29PQQR2,Deletto_blue,DARRYL,195,195,240,240,282,309,309,309,309,326,326,326,326,326,326,326,326,326,326,326,326
8P29PQQR2,Deletto_blue,DYNAMIKE,0,147,147,189,189,210,210,210,210,210,210,210,210,210,210,210,210,210,210,210,210
8P29PQQR2,Deletto_blue,EL PRIMO,106,106,145,145,145,145,145,145,145,145,191,191,191,191,191,191,191,191,191,191,191
8P29PQQR2,Deletto_blue,EMZ,0,0,0,0,0,0,116,170,220,220,217,217,217,217,217,217,217,217,217,230,230
8P29PQQR2,Deletto_blue,FRANK,82,141,293,293,301,325,325,325,325,329,329,329,331,331,331,331,331,331,331,331,331
8P29PQQR2,Deletto_blue,GUS,0,0,0,0,0,0,0,0,9,39,39,39,39,39,39,39,39,39,39,173,173
8P29PQQR2,Deletto_blue,JACKY,0,143,143,143,143,143,143,143,143,143,143,143,160,189,189,189,189,189,189,189,189
8P29PQQR2,Deletto_blue,JESSIE,99,146,146,146,146,146,146,146,186,186,186,186,186,186,186,186,186,186,186,186,186
8P29PQQR2,Deletto_blue,MORTIS,25,180,180,180,180,178,178,178,178,178,178,178,230,230,230,230,230,230,230,230,230
8P29PQQR2,Deletto_blue,NITA,40,144,144,144,144,144,144,144,144,168,168,168,168,168,168,168,168,168,168,168,200
8P29PQQR2,Deletto_blue,PENNY,0,0,0,0,0,0,0,0,0,59,59,59,59,59,59,59,59,59,59,59,165
8P29PQQR2,Deletto_blue,PIPER,0,0,0,0,0,0,0,0,0,51,78,78,78,78,97,133,133,133,133,180,242
8P29PQQR2,Deletto_blue,POCO,303,303,303,303,303,303,303,303,303,303,303,303,303,303,303,303,303,303,303,303,303
8P29PQQR2,Deletto_blue,RICO,59,59,143,143,143,143,143,143,143,187,187,187,187,187,187,187,187,187,187,187,187
8P29PQQR2,Deletto_blue,ROSA,16,145,145,145,145,145,145,145,145,158,158,158,158,158,158,158,158,158,158,158,158
8P29PQQR2,Deletto_blue,SHELLY,302,302,302,302,302,302,302,302,302,302,302,302,302,302,302,302,302,302,302,302,302
8P29PQQR2,Deletto_blue,TARA,0,0,0,0,0,0,0,0,59,59,59,59,59,59,59,59,59,59,59,59,59
8P29PQQR2,Deletto_blue,TICK,0,0,0,0,0,0,0,0,0,0,0,0,0,0,0,0,0,0,0,0,0
9000JU9V,pioupiou,8-BIT,500,500,500,500,500,500,500,500,500,500,500,500,500,500,500,500,500,500,500,500,500
9000JU9V,pioupiou,AMBER,618,618,618,618,618,618,618,618,618,618,618,618,618,599,599,599,599,599,599,599,599
9000JU9V,pioupiou,ASH,321,321,321,321,321,321,321,321,321,321,321,321,321,321,321,321,321,321,321,321,321
9000JU9V,pioupiou,BARLEY,486,486,486,486,486,486,486,486,486,486,486,486,486,486,486,486,486,486,486,486,486
9000JU9V,pioupiou,BEA,628,628,628,628,628,628,628,628,628,628,628,628,628,624,624,624,618,618,618,618,618
9000JU9V,pioupiou,BELLE,561,561,561,561,561,561,561,561,561,561,561,561,561,561,561,561,561,561,561,561,561
9000JU9V,pioupiou,BIBI,560,560,560,565,565,565,565,565,565,565,565,565,565,565,565,565,565,565,565,565,565
9000JU9V,pioupiou,BO,575,575,575,577,577,577,577,577,577,577,577,577,577,574,574,574,574,574,574,574,574
9000JU9V,pioupiou,BONNIE,288,288,288,288,288,288,288,288,288,288,288,288,288,288,288,288,288,288,288,288,288
9000JU9V,pioupiou,BROCK,565,565,565,565,565,565,565,565,565,565,565,565,565,565,565,565,565,565,565,565,565
9000JU9V,pioupiou,BULL,495,495,495,495,495,495,495,495,495,495,495,495,495,495,495,495,495,495,495,495,495
9000JU9V,pioupiou,BUSTER,0,0,0,0,0,0,0,0,0,0,0,0,0,0,0,0,0,0,0,0,0
9000JU9V,pioupiou,BUZZ,587,587,587,587,587,587,587,587,587,587,587,587,587,574,574,574,574,574,574,574,574
9000JU9V,pioupiou,BYRON,507,507,507,507,507,507,507,507,507,507,507,507,507,507,507,507,507,507,507,507,507
9000JU9V,pioupiou,CARL,579,579,579,579,579,579,579,579,579,579,579,579,579,574,574,574,574,574,574,574,574
9000JU9V,pioupiou,CHESTER,91,91,91,91,91,91,91,91,91,91,91,91,91,91,91,91,91,91,91,91,91
9000JU9V,pioupiou,COLETTE,543,543,543,543,543,543,543,543,543,543,543,543,543,543,543,543,543,543,543,543,543
9000JU9V,pioupiou,COLT,831,831,831,831,831,831,830,830,830,830,830,830,830,824,824,824,817,817,817,817,817
9000JU9V,pioupiou,CROW,615,615,615,615,615,615,615,615,615,615,617,617,617,711,711,711,711,711,711,711,711
9000JU9V,pioupiou,DARRYL,551,551,551,551,551,551,551,551,551,551,551,551,551,551,551,551,551,551,551,551,551
9000JU9V,pioupiou,DOUG,0,0,0,0,0,0,0,0,0,0,0,0,0,0,0,0,0,0,0,0,0
9000JU9V,pioupiou,DYNAMIKE,570,570,570,570,570,570,570,570,570,570,570,570,570,570,570,570,570,570,570,570,570
9000JU9V,pioupiou,EDGAR,530,530,530,530,530,530,530,530,530,530,530,530,530,530,530,530,530,530,530,530,530
9000JU9V,pioupiou,EL PRIMO,497,497,497,497,497,497,497,497,497,497,497,497,497,497,497,497,497,497,497,497,497
9000JU9V,pioupiou,EMZ,544,544,544,544,544,544,544,544,544,544,565,565,565,565,565,565,565,565,565,565,565
9000JU9V,pioupiou,EVE,106,106,106,106,106,106,106,106,106,106,106,106,106,106,106,106,106,106,106,106,106
9000JU9V,pioupiou,FANG,516,516,516,516,516,516,516,587,587,587,638,638,638,624,624,624,624,751,751,751,751
9000JU9V,pioupiou,FRANK,500,500,500,500,500,500,500,500,500,500,500,500,500,500,500,500,500,500,500,500,500
9000JU9V,pioupiou,GALE,549,549,549,549,549,549,549,549,549,549,549,549,549,549,549,549,549,549,549,549,549
9000JU9V,pioupiou,GENE,496,496,496,496,496,496,496,496,496,496,496,496,496,496,496,496,496,496,496,496,496
9000JU9V,pioupiou,GRAY,64,64,64,64,64,64,64,64,64,64,64,64,64,64,64,64,64,64,64,64,64
9000JU9V,pioupiou,GRIFF,564,564,564,564,564,564,564,564,564,564,564,564,564,564,564,564,564,564,564,564,564
9000JU9V,pioupiou,GROM,574,574,574,574,574,574,574,574,574,574,574,574,574,574,574,574,574,574,574,574,574
9000JU9V,pioupiou,GUS,76,76,76,76,76,76,76,76,76,76,76,76,76,76,76,76,76,76,76,76,76
9000JU9V,pioupiou,HANK,0,0,0,0,0,0,0,0,0,0,0,0,0,0,0,0,0,0,0,0,0
9000JU9V,pioupiou,JACKY,518,518,518,518,518,518,518,518,518,518,518,518,518,518,518,518,518,518,518,518,518
9000JU9V,pioupiou,JANET,32,32,32,32,32,32,32,32,32,32,32,32,32,32,32,32,32,32,32,32,32
9000JU9V,pioupiou,JESSIE,549,549,549,549,549,549,549,549,549,549,549,549,549,549,549,549,549,549,549,549,549
9000JU9V,pioupiou,LEON,564,558,558,558,558,558,558,558,558,558,558,558,558,558,558,558,558,558,558,558,558
9000JU9V,pioupiou,LOLA,18,18,18,18,18,18,18,18,18,18,18,18,18,18,18,18,18,18,18,18,18
9000JU9V,pioupiou,LOU,538,538,538,538,538,538,538,538,538,538,538,538,538,538,538,538,538,538,538,538,538
9000JU9V,pioupiou,MAISIE,0,0,0,0,0,0,0,0,0,0,0,0,0,0,0,0,0,0,0,0,0
9000JU9V,pioupiou,MAX,574,574,574,574,574,574,574,574,574,574,574,574,574,574,574,574,574,574,574,574,574
9000JU9V,pioupiou,MEG,266,266,266,266,266,266,266,266,266,266,266,266,266,266,266,266,266,266,266,266,266
9000JU9V,pioupiou,MICO,0,0,0,0,0,0,0,0,0,0,0,0,0,0,0,0,0,0,0,0,0
9000JU9V,pioupiou,MORTIS,549,549,549,549,549,549,549,549,549,549,549,549,549,549,549,549,549,549,549,549,549
9000JU9V,pioupiou,MR. P,564,564,564,564,564,564,564,564,564,564,564,564,564,564,564,564,564,564,564,564,564
9000JU9V,pioupiou,NANI,514,514,514,514,514,514,514,514,514,514,525,525,525,525,525,525,525,525,525,525,525
9000JU9V,pioupiou,NITA,554,554,554,554,554,554,554,554,554,554,554,554,554,554,554,554,554,554,554,554,554
9000JU9V,pioupiou,OTIS,310,310,310,310,310,310,310,310,310,310,310,310,310,310,310,310,310,310,310,310,310
9000JU9V,pioupiou,PAM,500,500,500,500,500,500,500,500,500,500,500,500,500,500,500,500,500,500,500,500,500
9000JU9V,pioupiou,PENNY,506,506,506,506,506,506,506,506,506,506,506,506,506,506,506,506,506,506,506,506,506
9000JU9V,pioupiou,PIPER,504,504,504,504,504,504,504,504,504,504,504,504,504,504,504,504,504,504,504,504,504
9000JU9V,pioupiou,POCO,679,679,679,679,679,679,679,679,679,679,679,679,679,674,674,674,674,674,674,674,674
9000JU9V,pioupiou,RICO,558,560,560,560,560,560,560,560,560,560,560,560,560,560,560,560,560,560,560,560,560
9000JU9V,pioupiou,ROSA,514,514,514,514,514,514,514,514,514,514,514,514,514,514,514,514,514,514,514,514,514
9000JU9V,pioupiou,RUFFS,497,497,497,497,497,497,497,497,497,497,497,497,497,497,497,497,497,497,497,497,497
9000JU9V,pioupiou,SAM,67,67,67,67,67,67,67,67,67,67,67,67,67,67,67,67,67,67,67,67,67
9000JU9V,pioupiou,SANDY,564,564,564,564,564,564,564,564,564,564,564,564,564,564,564,564,564,564,564,564,564
9000JU9V,pioupiou,SHELLY,500,500,500,500,500,500,500,500,500,500,500,500,500,500,500,500,500,500,500,500,500
9000JU9V,pioupiou,SPIKE,574,574,574,574,574,574,574,574,574,574,574,574,574,574,574,574,574,574,574,574,574
9000JU9V,pioupiou,SPROUT,501,501,501,501,501,501,506,506,506,506,506,506,506,506,506,506,506,506,506,506,506
9000JU9V,pioupiou,SQUEAK,574,568,568,568,568,568,589,589,589,589,589,589,589,574,574,574,574,574,574,574,574
9000JU9V,pioupiou,STU,566,566,566,566,566,566,566,566,566,566,566,566,566,566,566,566,566,566,566,566,566
9000JU9V,pioupiou,SURGE,565,565,565,565,565,565,565,565,565,565,565,565,565,565,565,565,565,565,565,565,565
9000JU9V,pioupiou,TARA,530,530,530,530,530,530,530,530,530,530,530,530,530,530,530,530,530,530,530,530,530
9000JU9V,pioupiou,TICK,564,564,564,564,564,564,564,564,564,564,564,564,564,564,564,564,564,564,564,564,564
9000JU9V,pioupiou,WILLOW,301,301,301,301,301,301,301,301,301,301,301,301,301,301,301,301,301,301,301,301,301
L8V9LRVV,Enzo 2b20,8-BIT,500,500,500,500,500,500,500,500,500,500,500,500,500,500,500,500,500,500,500,500,500
L8V9LRVV,Enzo 2b20,ASH,500,500,500,500,500,500,500,500,500,500,500,500,500,500,500,500,500,500,500,500,500
L8V9LRVV,Enzo 2b20,BARLEY,500,500,500,500,500,500,500,500,500,500,500,500,500,500,500,500,500,500,500,500,500
L8V9LRVV,Enzo 2b20,BEA,500,500,500,500,500,500,500,500,500,500,500,500,500,500,500,500,500,500,500,500,500
L8V9LRVV,Enzo 2b20,BELLE,500,500,500,500,500,500,500,500,500,500,500,500,500,500,500,500,500,500,500,500,500
L8V9LRVV,Enzo 2b20,BIBI,500,500,500,500,500,500,500,500,500,500,500,500,500,500,500,500,500,500,500,500,500
L8V9LRVV,Enzo 2b20,BO,500,500,500,500,500,500,500,500,500,500,500,500,500,500,500,500,500,490,490,490,490
L8V9LRVV,Enzo 2b20,BONNIE,422,422,422,422,422,422,422,422,422,422,422,422,422,422,422,422,422,422,422,422,422
L8V9LRVV,Enzo 2b20,BROCK,500,500,500,500,500,500,500,500,500,500,500,500,500,500,500,500,525,525,525,525,525
L8V9LRVV,Enzo 2b20,BULL,582,582,577,577,577,577,577,577,577,618,658,649,649,649,649,649,649,755,755,755,755
L8V9LRVV,Enzo 2b20,BUSTER,506,506,506,506,506,506,506,506,506,506,506,506,506,506,506,506,506,506,512,512,512
L8V9LRVV,Enzo 2b20,BUZZ,513,513,513,513,513,513,513,513,513,508,508,508,508,508,508,508,508,508,508,508,508
L8V9LRVV,Enzo 2b20,BYRON,479,479,479,488,488,488,488,488,488,485,485,485,485,483,483,483,483,503,503,503,503
L8V9LRVV,Enzo 2b20,CARL,500,500,500,500,500,500,500,500,500,500,500,500,500,500,500,500,500,500,500,500,500
L8V9LRVV,Enzo 2b20,CHARLIE,217,217,217,311,311,311,380,380,380,380,391,391,391,389,389,389,389,392,392,392,390
L8V9LRVV,Enzo 2b20,CHESTER,192,192,192,349,349,349,429,429,429,429,429,429,429,429,429,429,429,425,425,425,425
L8V9LRVV,Enzo 2b20,COLETTE,500,500,500,500,500,500,500,500,500,500,500,500,500,500,500,500,500,500,500,500,500
L8V9LRVV,Enzo 2b20,COLT,500,500,500,500,500,500,500,500,500,500,500,500,500,500,500,500,500,500,500,500,500
L8V9LRVV,Enzo 2b20,CROW,504,542,542,557,557,557,557,557,557,557,557,549,549,549,549,549,549,549,549,618,618
L8V9LRVV,Enzo 2b20,DARRYL,500,500,500,500,500,500,500,500,500,503,503,503,503,503,503,503,503,503,503,503,503
L8V9LRVV,Enzo 2b20,DOUG,563,563,563,563,563,563,634,634,634,634,636,624,624,624,624,624,624,624,624,624,624
L8V9LRVV,Enzo 2b20,DYNAMIKE,500,500,500,500,500,500,500,500,500,500,500,500,500,500,500,500,500,500,500,500,500
L8V9LRVV,Enzo 2b20,EDGAR,499,494,494,494,494,494,494,494,494,504,504,504,504,504,504,504,612,612,605,605,605
L8V9LRVV,Enzo 2b20,EL PRIMO,500,500,500,500,500,500,500,500,500,500,608,599,599,599,599,599,599,599,599,599,599
L8V9LRVV,Enzo 2b20,EMZ,500,500,500,500,500,500,500,500,500,500,500,500,500,500,500,500,500,500,500,500,500
L8V9LRVV,Enzo 2b20,EVE,500,500,500,500,500,500,500,500,500,500,500,500,500,500,500,500,500,500,500,500,500
L8V9LRVV,Enzo 2b20,FANG,501,501,501,501,501,501,503,576,576,576,602,649,649,649,649,649,649,649,649,649,642
L8V9LRVV,Enzo 2b20,FRANK,536,536,536,536,536,536,536,536,536,607,607,599,599,610,610,610,610,610,610,610,610
L8V9LRVV,Enzo 2b20,GALE,500,494,494,494,494,494,494,494,494,506,506,506,506,506,506,506,506,506,506,506,506
L8V9LRVV,Enzo 2b20,GENE,500,500,500,500,500,500,500,500,500,500,500,500,500,500,500,500,500,500,500,500,500
L8V9LRVV,Enzo 2b20,GRAY,421,421,421,421,421,421,421,421,421,421,421,421,421,421,421,421,421,421,421,421,421
L8V9LRVV,Enzo 2b20,GRIFF,517,517,517,517,517,517,517,517,517,517,517,517,517,517,517,517,517,517,517,517,517
L8V9LRVV,Enzo 2b20,GROM,500,500,500,500,500,500,500,500,500,495,495,495,495,505,505,505,505,505,505,505,505
L8V9LRVV,Enzo 2b20,GUS,475,475,475,475,475,475,475,475,475,475,475,475,475,475,475,475,475,501,501,501,501
L8V9LRVV,Enzo 2b20,HANK,0,0,0,0,63,344,344,344,344,417,429,429,429,429,429,429,429,429,429,498,498
L8V9LRVV,Enzo 2b20,JACKY,500,500,500,500,500,500,500,500,500,554,552,552,552,552,552,552,552,552,552,552,552
L8V9LRVV,Enzo 2b20,JESSIE,500,500,500,500,500,500,500,500,500,500,500,500,500,500,500,500,500,500,500,500,500
L8V9LRVV,Enzo 2b20,LEON,587,581,581,581,581,581,598,598,598,592,680,674,674,674,674,674,674,677,677,677,761
L8V9LRVV,Enzo 2b20,LOLA,500,500,500,500,500,500,500,500,500,500,500,500,500,500,500,500,500,500,500,500,500
L8V9LRVV,Enzo 2b20,LOU,500,500,500,500,500,500,500,500,500,500,500,500,500,500,500,500,500,500,500,500,500
L8V9LRVV,Enzo 2b20,MAX,426,426,426,426,426,426,426,426,426,426,426,426,426,426,426,426,426,426,426,426,421
L8V9LRVV,Enzo 2b20,MEG,500,500,500,500,500,500,500,500,500,500,500,500,500,500,500,500,500,500,500,500,500
L8V9LRVV,Enzo 2b20,MICO,306,658,658,658,658,658,658,658,658,658,658,649,649,649,649,649,649,649,649,649,649
L8V9LRVV,Enzo 2b20,MORTIS,562,562,562,586,586,606,605,605,605,605,625,624,624,624,624,624,624,624,624,624,624
L8V9LRVV,Enzo 2b20,MR. P,500,500,500,500,500,500,500,500,500,500,500,500,500,500,500,500,500,500,500,500,500
L8V9LRVV,Enzo 2b20,NANI,500,500,500,500,500,500,500,500,500,500,500,500,500,500,500,500,500,500,500,500,500
L8V9LRVV,Enzo 2b20,NITA,500,500,500,500,500,500,500,500,500,500,500,500,500,500,500,500,500,500,500,500,500
L8V9LRVV,Enzo 2b20,OTIS,500,500,500,500,500,500,500,500,500,500,500,500,500,500,500,500,500,500,500,500,500
L8V9LRVV,Enzo 2b20,PAM,500,500,500,500,500,500,500,500,500,500,500,500,500,500,500,500,500,500,500,500,500
L8V9LRVV,Enzo 2b20,PEARL,0,56,74,427,427,427,427,427,427,422,422,422,422,422,422,422,422,422,422,422,422
L8V9LRVV,Enzo 2b20,PENNY,500,500,500,500,500,500,500,500,500,500,500,500,500,500,500,500,500,500,500,500,500
L8V9LRVV,Enzo 2b20,PIPER,513,513,513,513,513,513,513,513,513,513,526,526,526,526,526,526,526,526,526,526,526
L8V9LRVV,Enzo 2b20,POCO,500,500,500,500,500,500,494,494,494,505,505,505,505,505,505,505,505,505,499,499,499
L8V9LRVV,Enzo 2b20,R-T,109,107,107,259,310,310,310,310,310,369,382,382,382,382,382,382,382,422,422,422,422
L8V9LRVV,Enzo 2b20,RICO,500,500,500,500,500,500,500,500,500,500,500,500,500,500,500,500,500,494,494,494,494
L8V9LRVV,Enzo 2b20,ROSA,500,500,500,500,500,500,500,500,500,499,499,499,499,506,506,506,506,506,506,506,506
L8V9LRVV,Enzo 2b20,RUFFS,500,500,500,500,500,500,500,500,500,500,500,500,500,507,507,507,507,507,507,507,507
L8V9LRVV,Enzo 2b20,SAM,186,186,186,301,301,301,301,301,301,301,297,297,297,297,302,298,324,425,425,425,425
L8V9LRVV,Enzo 2b20,SANDY,220,220,220,312,312,312,350,350,350,350,350,350,350,350,350,356,356,393,393,393,399
L8V9LRVV,Enzo 2b20,SHELLY,500,500,500,500,525,592,592,592,592,628,628,624,624,624,624,624,624,672,672,672,664
L8V9LRVV,Enzo 2b20,SPIKE,537,537,537,537,537,537,537,537,537,537,537,537,537,537,537,537,537,537,537,537,537
L8V9LRVV,Enzo 2b20,SPROUT,500,500,500,500,500,500,500,500,500,500,500,500,500,500,500,500,500,500,500,500,500
L8V9LRVV,Enzo 2b20,SQUEAK,500,500,500,500,500,500,500,500,500,500,500,500,500,500,500,500,500,500,500,500,500
L8V9LRVV,Enzo 2b20,STU,500,500,500,500,500,500,500,500,500,500,500,500,500,500,500,500,500,500,500,500,500
L8V9LRVV,Enzo 2b20,SURGE,484,484,484,484,484,484,484,484,484,484,484,484,484,484,484,662,662,662,662,662,662
L8V9LRVV,Enzo 2b20,TARA,500,500,500,500,500,500,500,500,500,500,500,500,500,500,500,502,532,532,534,534,534
L8V9LRVV,Enzo 2b20,TICK,456,456,456,456,456,456,456,456,456,451,451,451,451,451,451,451,447,459,459,459,459
PLUJGG8R2,LE PGM,8-BIT,500,500,500,500,500,500,508,508,508,508,508,508,508,508,508,508,508,508,508,508,508
PLUJGG8R2,LE PGM,AMBER,368,368,368,368,389,389,389,389,389,389,389,389,389,389,389,389,389,389,389,389,389
PLUJGG8R2,LE PGM,ASH,338,338,338,338,338,338,338,338,338,338,338,338,338,338,338,410,410,410,410,410,410
PLUJGG8R2,LE PGM,BARLEY,499,499,499,499,499,499,499,499,499,499,511,511,511,511,511,511,511,511,511,511,511
PLUJGG8R2,LE PGM,BEA,526,535,535,535,535,535,535,535,535,535,535,524,524,524,524,524,524,524,524,524,524
PLUJGG8R2,LE PGM,BELLE,388,396,396,396,397,397,394,394,394,394,394,394,394,394,413,413,413,413,413,413,413
PLUJGG8R2,LE PGM,BIBI,500,500,500,500,500,500,500,500,500,500,509,509,509,509,509,509,509,509,509,509,518
PLUJGG8R2,LE PGM,BO,502,502,520,512,512,512,512,512,512,512,512,512,512,512,512,512,512,512,519,519,519
PLUJGG8R2,LE PGM,BONNIE,350,350,368,368,368,368,368,368,368,368,368,368,368,368,368,368,368,368,368,368,368
PLUJGG8R2,LE PGM,BROCK,492,492,492,492,492,492,492,492,492,492,501,501,501,501,501,501,501,501,497,497,497
PLUJGG8R2,LE PGM,BULL,500,500,500,500,500,500,500,500,500,500,495,495,495,495,495,495,495,495,495,495,495
PLUJGG8R2,LE PGM,BUSTER,509,509,503,534,534,534,543,543,543,543,552,557,565,565,565,555,555,555,555,555,555
PLUJGG8R2,LE PGM,BUZZ,271,271,271,271,271,271,271,271,271,310,310,310,310,310,306,306,306,320,320,322,322
PLUJGG8R2,LE PGM,BYRON,473,468,468,468,468,452,452,478,478,478,469,469,469,487,487,487,487,487,487,486,486
PLUJGG8R2,LE PGM,CARL,494,494,494,494,494,494,494,494,494,494,503,503,503,503,503,503,503,503,503,503,503
PLUJGG8R2,LE PGM,CHESTER,474,474,474,475,475,475,475,475,475,475,489,512,512,512,512,512,512,538,538,538,538
PLUJGG8R2,LE PGM,COLETTE,441,484,484,484,484,484,484,486,486,486,504,504,504,504,504,504,504,504,504,504,504
PLUJGG8R2,LE PGM,COLT,500,495,495,495,495,495,495,495,495,495,507,507,507,507,507,507,507,507,507,507,513
PLUJGG8R2,LE PGM,CORDELIUS,99,99,152,406,443,443,443,438,438,438,438,445,445,445,445,449,454,454,454,454,454
PLUJGG8R2,LE PGM,CROW,495,490,490,506,506,506,506,506,506,506,552,549,549,549,549,549,549,549,549,552,552
PLUJGG8R2,LE PGM,DARRYL,500,500,500,500,500,500,500,500,500,500,510,510,510,510,510,510,510,510,510,510,510
PLUJGG8R2,LE PGM,DOUG,18,27,27,34,34,34,34,34,34,34,34,34,34,34,34,34,34,163,203,200,200
PLUJGG8R2,LE PGM,DYNAMIKE,498,498,498,498,498,498,498,498,498,498,509,509,509,509,509,509,509,509,509,509,509
PLUJGG8R2,LE PGM,EDGAR,500,496,496,496,496,496,496,496,496,496,508,508,508,508,508,508,508,508,508,508,508
PLUJGG8R2,LE PGM,EL PRIMO,500,500,500,500,500,500,500,500,500,500,501,501,501,501,501,501,501,501,501,501,501
PLUJGG8R2,LE PGM,EMZ,507,507,510,510,522,533,527,527,527,527,527,524,524,524,524,524,524,561,561,561,561
PLUJGG8R2,LE PGM,EVE,248,261,261,261,261,261,261,261,261,261,261,261,261,261,261,263,263,263,263,263,263
PLUJGG8R2,LE PGM,FANG,527,654,667,728,728,728,728,719,733,733,733,724,724,724,724,724,724,751,751,751,751
PLUJGG8R2,LE PGM,FRANK,387,387,387,387,387,387,387,387,387,387,387,387,387,387,387,387,387,387,387,387,387
PLUJGG8R2,LE PGM,GALE,494,494,494,494,494,494,494,494,494,494,504,504,504,504,504,504,504,504,504,504,504
PLUJGG8R2,LE PGM,GENE,384,384,384,384,384,384,384,384,384,384,384,384,384,391,391,391,391,391,391,408,427
PLUJGG8R2,LE PGM,GRAY,169,169,169,167,167,167,193,193,193,215,212,212,212,212,212,252,252,407,402,402,402
PLUJGG8R2,LE PGM,GRIFF,382,386,396,396,396,396,396,396,396,396,396,396,396,396,396,396,396,396,396,396,396
PLUJGG8R2,LE PGM,GROM,320,316,348,348,348,344,344,344,344,344,344,344,344,344,344,344,344,344,344,344,344
PLUJGG8R2,LE PGM,GUS,274,274,274,271,271,271,271,271,271,271,271,271,302,302,302,302,302,299,299,323,323
PLUJGG8R2,LE PGM,HANK,80,87,87,87,87,87,87,87,87,87,100,100,100,100,100,100,100,100,100,106,106
PLUJGG8R2,LE PGM,JACKY,496,496,496,496,496,496,496,496,496,496,507,507,507,507,507,507,507,507,507,507,507
PLUJGG8R2,LE PGM,JANET,500,511,511,511,511,511,511,511,511,511,511,511,511,511,511,511,511,511,511,518,518
PLUJGG8R2,LE PGM,JESSIE,498,498,498,507,507,507,512,512,512,512,512,512,512,512,512,512,512,512,512,512,512
PLUJGG8R2,LE PGM,KIT,0,0,0,0,43,79,119,136,136,136,164,164,164,258,258,258,258,309,386,386,386
PLUJGG8R2,LE PGM,LEON,520,529,529,529,529,529,529,563,563,563,563,549,549,549,549,549,549,549,549,543,543
PLUJGG8R2,LE PGM,LOLA,303,303,303,359,359,359,359,359,359,359,359,359,359,359,359,359,359,380,380,380,380
PLUJGG8R2,LE PGM,LOU,427,427,427,427,427,427,427,427,427,427,427,427,427,427,427,427,427,427,427,427,427
PLUJGG8R2,LE PGM,MAISIE,127,127,140,140,140,140,148,148,148,148,148,148,148,148,148,148,148,148,182,188,188
PLUJGG8R2,LE PGM,MANDY,227,234,239,309,309,309,309,309,309,309,309,309,309,309,309,309,309,323,323,323,379
PLUJGG8R2,LE PGM,MAX,372,372,372,372,372,372,379,379,379,379,379,379,379,379,379,379,379,379,379,379,379
PLUJGG8R2,LE PGM,MEG,123,123,149,149,149,149,149,149,149,149,149,149,149,149,149,149,149,149,149,149,149
PLUJGG8R2,LE PGM,MICO,50,58,58,62,62,62,62,62,102,105,105,116,116,116,116,116,116,121,121,127,127
PLUJGG8R2,LE PGM,MORTIS,207,207,207,207,207,207,207,207,207,207,207,207,207,207,207,207,207,207,207,207,207
PLUJGG8R2,LE PGM,MR. P,346,349,367,367,367,367,367,367,367,367,367,367,367,367,367,367,367,367,367,367,367
PLUJGG8R2,LE PGM,NANI,500,500,500,500,500,500,500,500,500,500,510,510,510,510,510,510,510,510,510,510,510
PLUJGG8R2,LE PGM,NITA,504,504,504,504,504,504,499,499,499,499,510,510,510,510,510,510,510,510,510,510,510
PLUJGG8R2,LE PGM,OTIS,269,269,269,269,266,266,300,300,300,300,300,300,300,300,300,300,307,307,307,307,307
PLUJGG8R2,LE PGM,PAM,494,494,494,494,503,503,503,503,503,503,503,503,498,498,498,498,498,498,498,498,498
PLUJGG8R2,LE PGM,PEARL,95,101,114,318,336,336,336,336,336,336,332,332,332,332,332,332,332,332,344,344,344
PLUJGG8R2,LE PGM,PENNY,500,500,500,500,500,500,500,500,500,500,528,524,524,524,524,524,524,524,524,524,524
PLUJGG8R2,LE PGM,PIPER,500,500,500,499,499,499,496,496,496,496,492,505,505,505,505,505,505,505,505,505,505
PLUJGG8R2,LE PGM,POCO,504,504,504,504,504,504,504,504,504,504,504,504,504,504,504,504,504,504,504,504,504
PLUJGG8R2,LE PGM,R-T,310,310,310,306,306,306,306,306,306,306,306,306,347,347,347,349,349,349,349,345,345
PLUJGG8R2,LE PGM,RICO,495,502,502,502,502,502,502,502,502,502,507,507,507,507,507,507,507,507,507,507,507
PLUJGG8R2,LE PGM,ROSA,500,500,500,500,500,500,500,500,500,491,501,501,501,501,501,501,501,501,501,501,501
PLUJGG8R2,LE PGM,RUFFS,394,394,394,394,394,394,394,394,394,394,394,394,394,394,394,394,394,394,394,394,394
PLUJGG8R2,LE PGM,SAM,396,392,392,392,392,392,392,392,392,392,392,392,392,392,392,392,392,392,392,392,392
PLUJGG8R2,LE PGM,SANDY,498,498,498,498,498,498,498,498,498,498,510,510,510,510,510,510,510,510,510,510,510
PLUJGG8R2,LE PGM,SHELLY,500,500,502,512,512,512,512,512,512,506,514,514,514,514,514,514,514,514,514,514,514
PLUJGG8R2,LE PGM,SPIKE,497,497,497,545,567,566,566,576,585,585,602,599,599,599,599,599,599,599,621,637,637
PLUJGG8R2,LE PGM,SPROUT,500,500,500,500,500,500,500,500,500,500,509,509,509,509,509,509,509,509,518,518,518
PLUJGG8R2,LE PGM,SQUEAK,545,545,545,545,545,545,545,545,545,545,545,549,549,549,549,549,549,569,569,565,565
PLUJGG8R2,LE PGM,STU,499,499,499,498,498,498,498,498,498,498,502,502,502,502,502,502,502,496,496,496,496
PLUJGG8R2,LE PGM,SURGE,543,543,543,543,543,543,543,543,543,556,556,549,549,549,549,549,549,549,549,557,557
PLUJGG8R2,LE PGM,TARA,227,234,234,234,234,239,239,239,239,239,239,236,262,262,262,262,262,262,262,262,262
PLUJGG8R2,LE PGM,TICK,499,499,499,499,499,499,499,499,499,499,494,494,494,494,494,494,494,494,494,494,494
PLUJGG8R2,LE PGM,WILLOW,127,127,127,127,160,160,158,168,168,168,177,177,177,177,177,177,177,177,188,188,201
Q8U0GJVG2,darkprince,8-BIT,153,153,153,278,278,278,305,305,305,305,305,305,305,305,305,305,305,305,305,305,305
Q8U0GJVG2,darkprince,BARLEY,302,302,302,302,302,302,302,302,302,302,302,312,312,312,312,312,312,312,312,312,312
Q8U0GJVG2,darkprince,BEA,203,203,200,240,240,240,240,240,247,247,247,247,304,329,329,329,329,329,329,329,329
Q8U0GJVG2,darkprince,BIBI,212,212,230,230,230,230,230,238,342,342,342,342,342,342,342,342,342,342,342,342,342
Q8U0GJVG2,darkprince,BO,278,278,278,357,357,357,357,357,357,357,357,357,357,357,357,357,357,357,357,357,357
Q8U0GJVG2,darkprince,BROCK,128,128,128,303,303,303,303,303,303,303,303,303,303,303,303,303,303,303,303,303,303
Q8U0GJVG2,darkprince,BULL,160,206,206,206,206,206,206,204,204,204,204,231,231,242,302,302,302,302,302,302,302
Q8U0GJVG2,darkprince,BUSTER,500,500,500,500,500,500,500,500,500,500,500,500,500,500,500,500,500,500,500,500,500
Q8U0GJVG2,darkprince,BUZZ,494,494,494,494,494,494,494,494,494,494,494,494,494,501,516,516,516,516,516,516,516
Q8U0GJVG2,darkprince,BYRON,330,330,330,330,330,330,330,330,330,330,330,330,330,330,330,330,330,330,330,330,330
Q8U0GJVG2,darkprince,CARL,148,148,148,146,219,219,235,235,242,242,242,242,351,351,351,351,351,351,351,351,351
Q8U0GJVG2,darkprince,CHARLIE,0,0,0,0,0,0,0,0,0,0,0,279,347,357,381,381,381,381,381,381,381
Q8U0GJVG2,darkprince,CHESTER,434,434,434,504,504,504,504,504,504,504,504,500,500,500,500,500,500,500,500,500,500
Q8U0GJVG2,darkprince,COLT,226,226,226,223,223,223,260,260,260,270,264,264,264,308,304,346,346,346,346,346,346
Q8U0GJVG2,darkprince,DARRYL,147,147,147,147,147,147,160,233,233,233,233,233,262,308,308,308,308,308,308,308,308
Q8U0GJVG2,darkprince,DYNAMIKE,306,306,306,306,306,306,306,314,314,314,314,314,314,314,314,314,314,314,314,314,314
Q8U0GJVG2,darkprince,EDGAR,521,521,521,521,521,521,516,516,516,516,516,500,500,500,500,500,500,523,523,523,523
Q8U0GJVG2,darkprince,EL PRIMO,230,230,230,230,230,230,230,230,230,230,230,230,230,230,245,245,245,269,322,322,322
Q8U0GJVG2,darkprince,EMZ,193,193,193,206,206,206,206,222,264,264,303,303,303,316,316,316,316,316,326,326,326
Q8U0GJVG2,darkprince,FANG,500,500,500,500,500,500,500,500,500,500,500,500,500,500,500,500,500,500,500,500,500
Q8U0GJVG2,darkprince,FRANK,157,157,157,155,155,176,176,247,274,274,306,306,325,328,328,328,328,328,328,328,328
Q8U0GJVG2,darkprince,GALE,0,104,200,315,315,315,327,327,327,327,327,327,327,327,327,327,327,327,327,327,327
Q8U0GJVG2,darkprince,GRAY,228,228,228,228,228,228,228,259,259,259,259,259,259,301,301,301,347,347,347,347,347
Q8U0GJVG2,darkprince,GRIFF,433,433,433,502,502,502,502,502,502,502,502,500,500,500,500,500,500,500,500,500,500
Q8U0GJVG2,darkprince,GROM,84,133,133,304,304,304,304,304,304,304,304,304,304,304,304,304,304,304,304,304,304
Q8U0GJVG2,darkprince,GUS,239,239,239,239,239,239,246,246,244,244,372,429,429,420,443,443,443,443,443,457,457
Q8U0GJVG2,darkprince,JACKY,264,264,264,264,264,264,264,264,264,264,264,264,328,328,328,328,328,526,666,667,667
Q8U0GJVG2,darkprince,JESSIE,189,189,189,189,189,189,305,305,313,313,313,313,313,313,319,319,319,319,319,319,319
Q8U0GJVG2,darkprince,KIT,0,0,0,0,0,0,0,0,0,0,0,0,0,0,0,0,0,0,0,205,222
Q8U0GJVG2,darkprince,LEON,500,500,527,522,522,522,522,522,522,522,522,500,500,500,500,500,500,500,500,513,502
Q8U0GJVG2,darkprince,MAISIE,266,266,266,311,311,311,311,311,311,311,311,345,345,345,345,345,345,345,345,345,345
Q8U0GJVG2,darkprince,MANDY,578,620,620,625,644,631,631,631,631,631,684,674,674,674,666,666,666,666,666,659,691
Q8U0GJVG2,darkprince,MAX,494,484,508,508,508,502,502,502,502,502,502,500,500,500,500,500,500,500,500,500,500
Q8U0GJVG2,darkprince,MORTIS,116,122,212,212,212,212,212,209,308,308,308,308,308,308,308,308,308,308,308,323,331
Q8U0GJVG2,darkprince,MR. P,383,379,379,379,379,379,379,379,379,379,387,387,387,433,436,436,436,436,436,436,436
Q8U0GJVG2,darkprince,NITA,387,387,387,387,387,387,387,387,387,387,387,387,387,387,387,412,412,424,424,424,424
Q8U0GJVG2,darkprince,PENNY,536,560,560,560,560,560,560,560,560,560,560,554,554,561,561,561,561,555,572,572,572
Q8U0GJVG2,darkprince,PIPER,0,0,0,0,0,0,0,0,0,0,0,0,0,0,0,0,0,0,0,285,325
Q8U0GJVG2,darkprince,POCO,247,260,260,353,353,353,353,353,353,353,353,353,353,353,353,353,353,353,353,353,353
Q8U0GJVG2,darkprince,RICO,249,249,249,249,249,249,302,302,302,302,302,302,302,302,302,302,302,302,339,339,339
Q8U0GJVG2,darkprince,ROSA,149,149,149,149,149,149,193,193,198,198,209,209,220,217,217,228,228,228,236,236,236
Q8U0GJVG2,darkprince,SAM,507,507,501,495,495,490,490,490,490,490,490,490,490,490,490,490,490,490,490,490,490
Q8U0GJVG2,darkprince,SHELLY,360,397,397,423,423,423,423,423,423,429,429,429,429,429,429,429,429,429,434,434,434
Q8U0GJVG2,darkprince,SQUEAK,500,500,500,495,495,495,495,495,495,495,495,495,495,495,521,521,521,521,521,521,533
Q8U0GJVG2,darkprince,SURGE,461,502,502,502,502,502,502,502,502,502,502,500,500,500,533,533,541,535,535,535,535
Q8U0GJVG2,darkprince,TARA,203,203,203,203,203,203,278,278,278,278,275,275,301,297,297,297,297,297,297,297,305
Q8U0GJVG2,darkprince,TICK,184,184,223,223,223,223,223,223,223,223,231,231,231,229,306,306,306,306,306,306,306
Q8U0GJVG2,darkprince,WILLOW,0,129,129,327,327,403,403,403,403,403,403,410,410,427,427,427,427,427,427,427,427
RY0JYYJP9,Ludobz,8-BIT,0,10,42,148,148,148,148,148,148,148,148,148,148,234,301,301,301,301,301,301,301
RY0JYYJP9,Ludobz,BARLEY,49,149,149,149,149,149,149,149,149,149,149,149,149,149,232,241,241,301,301,301,301
RY0JYYJP9,Ludobz,BEA,0,0,0,2,2,2,2,2,2,2,2,2,2,13,13,13,13,32,161,222,222
RY0JYYJP9,Ludobz,BROCK,0,141,141,141,141,141,141,141,141,141,141,141,141,141,141,141,139,139,139,139,139
RY0JYYJP9,Ludobz,BULL,0,0,0,0,0,0,15,15,15,15,15,15,15,15,85,85,85,302,302,306,306
RY0JYYJP9,Ludobz,CARL,0,0,0,0,0,0,0,0,0,0,0,0,0,0,83,83,155,305,305,301,301
RY0JYYJP9,Ludobz,COLT,0,147,147,147,147,147,172,187,231,263,300,300,300,300,300,300,300,300,300,300,300
RY0JYYJP9,Ludobz,DARRYL,0,0,0,0,0,0,0,0,0,0,0,0,0,0,0,0,0,30,215,305,305
RY0JYYJP9,Ludobz,EDGAR,0,0,0,0,0,0,0,0,0,0,0,0,0,0,0,0,0,207,300,296,296
RY0JYYJP9,Ludobz,EL PRIMO,0,10,10,10,10,10,10,10,10,10,10,10,10,10,22,22,22,303,303,303,303
RY0JYYJP9,Ludobz,EMZ,0,140,140,140,140,140,308,308,308,308,308,308,308,308,308,308,308,308,308,308,308
RY0JYYJP9,Ludobz,FRANK,0,0,0,0,0,0,0,0,0,0,0,23,23,261,302,302,302,302,310,310,310
RY0JYYJP9,Ludobz,GENE,0,0,0,0,0,0,0,0,0,0,0,0,0,9,9,9,9,11,40,144,248
RY0JYYJP9,Ludobz,GRIFF,165,236,236,236,236,411,513,513,513,513,513,500,500,500,500,494,494,494,494,494,494
RY0JYYJP9,Ludobz,JACKY,0,149,149,149,149,149,149,149,149,149,149,149,149,149,181,220,236,300,300,300,300
RY0JYYJP9,Ludobz,JESSIE,0,0,0,0,0,0,0,0,0,0,0,0,0,0,0,0,0,0,87,182,223
RY0JYYJP9,Ludobz,LOU,0,0,0,0,0,0,0,0,0,0,0,0,0,0,0,0,0,1,33,141,207
RY0JYYJP9,Ludobz,MAX,0,0,0,0,0,0,0,0,0,0,178,178,178,303,303,303,303,303,303,303,303
RY0JYYJP9,Ludobz,NITA,72,147,147,147,147,147,147,147,147,147,147,147,147,147,147,155,155,267,301,301,301
RY0JYYJP9,Ludobz,PENNY,0,2,43,146,146,146,146,146,146,146,179,186,186,186,312,312,312,312,312,393,393
RY0JYYJP9,Ludobz,POCO,0,33,142,142,142,142,142,142,142,142,142,142,142,142,142,142,142,142,142,142,142
RY0JYYJP9,Ludobz,ROSA,0,0,0,0,0,0,0,0,0,0,0,0,0,0,50,50,50,50,145,161,218
RY0JYYJP9,Ludobz,SHELLY,142,159,159,159,159,209,307,307,307,307,307,307,307,307,307,307,307,307,307,346,346
RY0JYYJP9,Ludobz,STU,0,0,0,0,0,0,0,0,0,0,0,0,0,0,0,0,0,0,141,139,139
RY0JYYJP9,Ludobz,TICK,0,0,0,0,0,0,0,0,0,0,0,0,0,0,0,0,0,0,22,143,152
YGVJ0VV,AngelFire,8-BIT,430,430,430,430,430,430,430,430,430,430,430,430,430,430,430,430,430,430,430,430,430
YGVJ0VV,AngelFire,AMBER,7,101,114,114,143,143,141,141,141,141,141,141,141,141,141,141,141,141,141,141,141
YGVJ0VV,AngelFire,ASH,312,312,312,312,312,312,320,320,320,320,320,320,320,320,320,320,320,320,320,320,320
YGVJ0VV,AngelFire,BARLEY,393,393,393,390,390,390,390,398,398,398,398,398,398,398,398,398,398,398,398,398,398
YGVJ0VV,AngelFire,BEA,352,352,352,349,349,349,349,349,349,349,349,349,349,349,349,349,349,349,349,349,349
YGVJ0VV,AngelFire,BELLE,344,344,344,344,344,344,344,344,344,344,344,344,344,344,344,344,344,344,344,344,344
YGVJ0VV,AngelFire,BIBI,376,376,376,376,376,376,376,376,376,376,376,376,376,376,380,380,380,380,380,380,380
YGVJ0VV,AngelFire,BO,464,464,503,492,492,492,492,492,492,492,492,492,492,492,492,492,492,492,492,492,492
YGVJ0VV,AngelFire,BONNIE,428,428,438,438,433,433,433,433,433,433,440,435,435,473,473,473,473,473,473,473,473
YGVJ0VV,AngelFire,BROCK,342,342,342,342,342,342,342,342,342,342,342,342,342,342,342,342,342,342,342,342,342
YGVJ0VV,AngelFire,BULL,500,500,500,500,500,500,500,500,500,500,500,500,500,500,500,500,500,525,525,525,525
YGVJ0VV,AngelFire,BUSTER,153,153,153,153,153,153,153,153,152,152,152,152,219,219,219,219,219,219,219,219,219
YGVJ0VV,AngelFire,BUZZ,352,352,352,352,352,352,352,352,352,352,352,352,352,352,352,352,352,401,428,423,432
YGVJ0VV,AngelFire,BYRON,325,325,325,325,325,325,325,325,325,325,325,325,325,325,325,325,325,325,325,325,325
YGVJ0VV,AngelFire,CARL,535,535,535,535,558,558,558,558,558,558,558,549,549,549,549,551,551,551,551,551,551
YGVJ0VV,AngelFire,CHARLIE,369,390,390,390,390,390,390,390,390,390,409,409,409,409,409,409,409,409,409,409,409
YGVJ0VV,AngelFire,CHESTER,329,329,329,329,329,329,329,329,329,329,329,329,329,329,329,329,329,329,329,329,329
YGVJ0VV,AngelFire,CHUCK,228,243,243,243,243,241,238,238,238,238,238,238,238,238,238,238,238,238,238,238,238
YGVJ0VV,AngelFire,COLETTE,307,307,307,307,307,307,307,307,307,307,307,307,307,307,307,307,307,307,307,307,307
YGVJ0VV,AngelFire,COLT,384,384,384,384,384,384,384,384,384,384,384,384,384,384,384,384,384,384,384,384,384
YGVJ0VV,AngelFire,CORDELIUS,112,163,173,283,283,301,301,301,301,301,301,301,301,301,301,301,301,301,301,301,301
YGVJ0VV,AngelFire,CROW,429,429,429,429,429,429,429,429,429,429,429,429,429,429,429,429,429,429,429,429,429
YGVJ0VV,AngelFire,DARRYL,499,499,499,499,499,499,499,499,499,499,499,499,499,499,499,499,499,499,499,499,499
YGVJ0VV,AngelFire,DYNAMIKE,600,606,606,606,606,606,606,606,606,606,606,599,599,599,599,599,599,599,599,599,599
YGVJ0VV,AngelFire,EDGAR,508,508,508,508,508,508,508,508,508,508,508,500,500,500,500,500,500,500,500,500,500
YGVJ0VV,AngelFire,EL PRIMO,530,530,530,530,530,530,530,530,530,530,530,524,524,531,531,531,531,531,531,539,539
YGVJ0VV,AngelFire,EMZ,500,500,500,500,500,500,500,500,500,500,500,500,500,500,500,500,500,500,500,500,500
YGVJ0VV,AngelFire,EVE,49,70,70,70,70,70,133,133,133,133,133,133,133,133,133,133,133,133,133,145,145
YGVJ0VV,AngelFire,FANG,313,313,313,335,335,335,344,344,344,344,344,344,344,344,344,344,344,344,344,346,346
YGVJ0VV,AngelFire,FRANK,500,500,500,500,500,500,500,495,495,495,495,495,495,495,495,495,495,495,495,495,495
YGVJ0VV,AngelFire,GALE,449,449,449,449,449,449,449,449,449,449,449,449,449,449,449,449,449,449,457,478,478
YGVJ0VV,AngelFire,GENE,359,359,359,359,359,356,356,389,389,389,389,389,389,389,389,389,389,389,385,385,385
YGVJ0VV,AngelFire,GRAY,40,40,40,40,78,77,77,77,77,77,77,77,77,77,77,77,77,77,77,87,87
YGVJ0VV,AngelFire,GRIFF,300,300,300,300,300,300,300,300,300,300,300,300,300,300,300,300,300,300,300,300,300
YGVJ0VV,AngelFire,GROM,230,230,230,230,230,230,230,254,254,254,254,254,304,304,304,304,304,304,304,304,304
YGVJ0VV,AngelFire,GUS,111,140,140,140,140,140,140,140,140,140,140,140,140,140,140,140,140,140,140,140,140
YGVJ0VV,AngelFire,HANK,143,143,143,141,151,151,159,177,176,176,176,176,176,176,174,174,174,174,174,174,174
YGVJ0VV,AngelFire,JACKY,495,495,495,495,495,495,495,495,495,495,495,495,495,495,495,495,495,495,495,495,495
YGVJ0VV,AngelFire,JANET,228,228,228,228,228,238,247,259,259,259,259,259,259,259,259,259,259,259,259,267,267
YGVJ0VV,AngelFire,JESSIE,435,435,435,435,435,435,435,435,435,435,435,435,435,435,435,435,435,435,460,460,460
YGVJ0VV,AngelFire,KIT,0,0,0,0,0,0,0,0,0,0,0,0,0,0,0,0,0,0,0,63,91
YGVJ0VV,AngelFire,LEON,458,461,461,461,461,461,483,483,483,483,500,500,500,500,500,500,500,500,500,500,500
YGVJ0VV,AngelFire,LOLA,207,207,207,207,207,207,207,207,207,207,207,207,207,207,207,207,207,207,207,207,207
YGVJ0VV,AngelFire,LOU,216,216,216,216,216,216,223,223,223,223,223,223,223,223,223,223,223,223,223,223,223
YGVJ0VV,AngelFire,MAISIE,0,71,71,71,82,82,82,82,82,82,82,82,82,82,82,81,81,81,81,104,104
YGVJ0VV,AngelFire,MANDY,101,101,101,101,101,101,101,101,104,104,104,104,104,104,104,104,104,104,104,102,102
YGVJ0VV,AngelFire,MAX,415,415,415,415,415,415,415,415,415,415,415,415,415,415,415,415,415,415,415,415,415
YGVJ0VV,AngelFire,MEG,208,208,208,208,208,208,208,208,208,208,208,208,208,208,208,208,208,208,208,208,208
YGVJ0VV,AngelFire,MICO,243,267,279,279,279,308,314,323,348,348,349,357,357,357,357,357,357,406,406,406,406
YGVJ0VV,AngelFire,MORTIS,508,508,508,508,508,508,508,508,508,508,508,500,500,500,500,500,500,500,500,500,500
YGVJ0VV,AngelFire,MR. P,308,308,308,308,308,308,308,308,308,308,308,308,308,308,308,308,308,308,308,308,308
YGVJ0VV,AngelFire,NANI,500,500,500,500,500,500,500,500,500,500,500,500,500,500,500,500,500,500,500,500,500
YGVJ0VV,AngelFire,NITA,500,500,500,500,500,500,500,500,500,500,500,500,500,500,500,500,500,500,500,500,500
YGVJ0VV,AngelFire,OTIS,49,63,63,63,63,72,72,72,72,72,72,72,72,72,72,72,72,72,72,156,156
YGVJ0VV,AngelFire,PAM,500,500,500,500,500,500,500,500,500,500,500,500,500,500,500,500,500,500,500,500,500
YGVJ0VV,AngelFire,PEARL,184,184,184,184,184,192,190,190,221,221,221,221,221,221,221,221,221,221,221,229,229
YGVJ0VV,AngelFire,PENNY,347,347,347,347,347,347,347,347,347,347,347,347,347,347,347,347,347,347,347,347,347
YGVJ0VV,AngelFire,PIPER,628,658,658,658,658,658,658,658,658,658,658,649,649,649,649,649,649,649,649,649,649
YGVJ0VV,AngelFire,POCO,528,523,523,523,523,523,523,523,523,523,523,500,500,500,500,500,500,500,500,509,509
YGVJ0VV,AngelFire,R-T,186,186,186,186,186,186,186,186,186,186,186,186,186,186,186,186,186,186,186,186,186
YGVJ0VV,AngelFire,RICO,485,485,485,485,485,485,485,492,492,492,492,492,492,492,492,492,492,492,492,492,492
YGVJ0VV,AngelFire,ROSA,500,500,500,500,500,500,505,528,528,528,528,524,524,524,524,531,531,531,531,531,531
YGVJ0VV,AngelFire,RUFFS,304,304,304,304,304,304,304,304,304,304,304,304,304,304,304,304,304,304,304,304,304
YGVJ0VV,AngelFire,SAM,106,104,148,148,148,148,148,153,161,161,159,159,159,159,174,174,174,174,188,206,206
YGVJ0VV,AngelFire,SANDY,332,332,332,332,332,332,332,332,332,332,332,332,332,332,332,332,332,332,332,332,332
YGVJ0VV,AngelFire,SHELLY,503,503,713,713,680,712,712,712,712,712,729,724,724,724,724,729,729,729,729,729,729
YGVJ0VV,AngelFire,SPIKE,275,275,275,275,275,301,301,303,303,303,303,303,303,303,303,303,303,303,303,303,303
YGVJ0VV,AngelFire,SPROUT,367,367,367,367,367,367,367,375,375,375,375,375,375,375,375,375,375,375,375,375,375
YGVJ0VV,AngelFire,SQUEAK,325,325,321,321,321,321,321,321,321,321,321,321,321,321,321,321,321,321,321,321,321
YGVJ0VV,AngelFire,STU,343,343,343,343,374,374,374,374,374,374,374,374,374,374,374,374,374,374,374,374,374
YGVJ0VV,AngelFire,SURGE,335,335,335,335,335,335,335,335,335,335,335,335,335,335,335,335,335,335,335,335,335
YGVJ0VV,AngelFire,TARA,363,363,363,363,363,363,363,363,363,363,363,363,363,363,363,363,363,363,363,363,363
YGVJ0VV,AngelFire,TICK,403,403,403,403,403,403,403,403,403,403,403,403,403,403,403,403,403,403,403,403,403
YGVJ0VV,AngelFire,WILLOW,141,141,152,158,158,199,199,223,273,273,270,280,283,283,302,302,302,302,302,302,302
YJ9G2RPUL,leo,8-BIT,503,503,503,503,503,503,503,503,503,503,503,503,503,503,503,503,503,503,503,503,503
YJ9G2RPUL,leo,AMBER,400,400,400,397,397,397,501,501,501,501,501,501,501,501,501,501,501,501,501,501,501
YJ9G2RPUL,leo,ASH,510,510,510,510,510,510,510,510,510,510,510,510,510,510,510,510,510,510,510,510,510
YJ9G2RPUL,leo,BARLEY,500,500,500,500,500,500,500,500,500,500,500,500,500,500,500,500,500,500,500,500,500
YJ9G2RPUL,leo,BEA,533,533,533,533,533,533,533,533,533,533,533,533,533,533,533,533,533,533,533,533,533
YJ9G2RPUL,leo,BELLE,507,507,507,507,507,507,507,507,507,507,507,507,507,507,507,507,507,507,507,507,507
YJ9G2RPUL,leo,BIBI,491,491,491,491,491,491,503,503,503,503,503,503,503,503,503,503,503,503,503,503,503
YJ9G2RPUL,leo,BO,541,543,537,537,537,537,537,537,537,537,537,537,537,537,537,537,537,537,537,537,537
YJ9G2RPUL,leo,BONNIE,370,370,370,370,370,370,370,370,370,370,370,370,370,370,370,370,370,370,370,370,370
YJ9G2RPUL,leo,BROCK,504,504,504,504,504,504,504,504,504,504,504,504,504,504,504,504,504,504,504,504,504
YJ9G2RPUL,leo,BULL,522,522,522,552,552,552,552,552,552,552,552,552,552,552,552,554,554,554,554,554,554
YJ9G2RPUL,leo,BUSTER,367,367,367,367,367,367,367,367,367,367,367,367,367,367,367,367,367,367,367,367,367
YJ9G2RPUL,leo,BUZZ,609,676,669,723,723,706,706,706,706,706,706,699,699,699,699,699,699,699,699,699,699
YJ9G2RPUL,leo,BYRON,476,476,476,476,476,476,471,471,471,466,466,466,466,466,466,466,466,466,466,466,466
YJ9G2RPUL,leo,CARL,413,413,413,413,413,413,413,413,413,412,412,412,412,412,412,412,412,412,412,412,412
YJ9G2RPUL,leo,CHUCK,359,359,359,359,359,359,359,359,359,359,359,359,359,359,359,359,359,359,359,359,359
YJ9G2RPUL,leo,COLETTE,555,559,559,558,558,558,558,558,558,558,558,558,558,558,558,558,558,558,558,558,558
YJ9G2RPUL,leo,COLT,574,581,575,580,580,580,588,588,576,576,576,576,576,576,576,576,576,576,576,576,576
YJ9G2RPUL,leo,CORDELIUS,659,652,657,637,642,643,653,653,653,663,663,628,628,628,628,628,628,628,628,628,628
YJ9G2RPUL,leo,CROW,512,512,512,512,512,512,512,512,512,512,512,514,514,514,514,514,514,514,514,514,514
YJ9G2RPUL,leo,DARRYL,528,528,528,528,528,528,528,528,528,528,528,528,528,528,528,528,528,528,528,528,528
YJ9G2RPUL,leo,DOUG,370,370,370,370,370,370,370,370,370,370,370,370,370,370,370,370,370,370,370,370,370
YJ9G2RPUL,leo,DYNAMIKE,534,528,528,516,516,516,513,513,512,525,525,525,525,525,525,525,519,519,519,519,519
YJ9G2RPUL,leo,EDGAR,691,691,691,685,685,700,700,700,700,700,700,699,699,699,699,699,696,696,696,696,696
YJ9G2RPUL,leo,EL PRIMO,502,502,502,502,502,502,502,502,502,501,501,501,501,501,501,501,501,501,501,501,501
YJ9G2RPUL,leo,EMZ,504,504,504,504,504,506,506,506,506,506,506,506,506,506,506,506,506,506,506,506,506
YJ9G2RPUL,leo,EVE,505,505,505,505,505,505,505,505,505,505,505,505,505,505,505,505,505,505,505,505,505
YJ9G2RPUL,leo,FANG,571,571,571,571,569,569,586,586,586,586,586,582,582,582,582,582,576,576,576,576,576
YJ9G2RPUL,leo,FRANK,524,524,524,524,524,524,524,524,524,524,524,524,524,524,524,524,524,524,524,524,524
YJ9G2RPUL,leo,GALE,506,506,506,506,506,506,506,506,506,506,506,506,506,506,506,506,506,506,506,506,506
YJ9G2RPUL,leo,GENE,482,482,482,482,482,482,472,470,478,478,478,478,478,478,478,478,478,478,478,478,478
YJ9G2RPUL,leo,GRAY,307,307,307,307,307,307,307,322,322,322,322,322,322,322,322,322,322,322,322,322,322
YJ9G2RPUL,leo,GRIFF,531,531,531,531,531,531,531,531,531,531,531,531,531,531,531,531,531,531,531,531,531
YJ9G2RPUL,leo,GROM,308,308,308,308,308,308,308,308,308,308,308,308,308,308,308,308,308,308,308,308,308
YJ9G2RPUL,leo,GUS,305,305,305,305,305,305,305,305,305,305,305,305,305,305,305,305,305,305,305,305,305
YJ9G2RPUL,leo,HANK,364,364,364,364,364,364,364,364,364,364,364,364,364,364,364,364,364,364,364,364,364
YJ9G2RPUL,leo,JACKY,506,506,506,506,506,506,506,506,506,506,506,506,506,506,506,506,506,506,506,506,506
YJ9G2RPUL,leo,JANET,489,489,489,489,489,489,502,502,502,502,502,502,502,502,502,502,502,502,502,502,502
YJ9G2RPUL,leo,JESSIE,502,502,502,502,502,502,502,502,502,502,502,502,502,502,502,502,502,502,502,502,502
YJ9G2RPUL,leo,KIT,600,610,611,592,592,592,586,586,586,586,586,574,574,574,574,574,574,605,605,605,605
YJ9G2RPUL,leo,LEON,657,657,657,638,638,638,638,638,638,638,638,624,624,624,624,624,624,624,624,624,624
YJ9G2RPUL,leo,LOLA,251,251,251,251,251,251,251,251,251,251,251,251,251,251,251,251,251,251,251,251,251
YJ9G2RPUL,leo,LOU,408,408,408,408,408,408,408,408,408,424,424,424,424,424,424,424,424,424,424,424,424
YJ9G2RPUL,leo,MAISIE,325,325,325,325,325,325,332,332,332,356,356,356,356,356,356,356,356,356,356,356,356
YJ9G2RPUL,leo,MANDY,411,411,411,411,411,411,411,411,411,419,419,419,419,419,419,419,419,419,419,419,419
YJ9G2RPUL,leo,MAX,449,449,449,449,449,449,449,473,473,478,478,478,478,478,478,478,478,478,478,478,478
YJ9G2RPUL,leo,MEG,321,321,321,321,321,321,321,321,321,321,321,321,321,321,321,321,379,379,379,379,379
YJ9G2RPUL,leo,MICO,419,413,413,423,423,423,454,465,465,479,479,479,479,479,479,479,486,486,486,486,486
YJ9G2RPUL,leo,MORTIS,606,595,587,627,647,698,707,707,699,699,699,677,677,677,677,677,680,666,666,666,666
YJ9G2RPUL,leo,MR. P,313,313,313,313,313,313,313,313,313,313,313,313,313,313,313,313,313,313,313,313,313
YJ9G2RPUL,leo,NANI,510,510,510,510,510,510,510,510,510,504,504,504,504,504,504,504,504,504,504,504,504
YJ9G2RPUL,leo,NITA,534,534,534,534,534,534,534,534,534,534,534,534,534,534,534,534,534,534,534,534,534
YJ9G2RPUL,leo,OTIS,294,294,294,294,294,294,294,294,294,294,294,294,294,294,294,294,294,294,294,294,294
YJ9G2RPUL,leo,PAM,441,441,441,441,441,441,441,466,466,474,474,474,474,474,474,474,474,474,474,474,474
YJ9G2RPUL,leo,PEARL,328,328,328,328,328,328,328,328,328,340,340,340,340,340,340,340,340,340,340,340,340
YJ9G2RPUL,leo,PENNY,427,427,427,427,427,427,427,427,427,422,422,422,422,422,422,422,422,422,422,422,422
YJ9G2RPUL,leo,PIPER,526,526,526,528,528,528,528,528,528,522,522,522,522,522,522,522,522,517,517,517,517
YJ9G2RPUL,leo,POCO,500,500,500,500,500,500,500,500,500,500,500,500,500,500,500,500,500,500,500,500,500
YJ9G2RPUL,leo,R-T,519,519,519,519,519,519,519,519,519,519,519,519,519,519,519,519,519,519,519,519,519
YJ9G2RPUL,leo,RICO,506,506,506,506,506,506,506,506,506,506,506,506,506,506,506,506,506,506,506,506,506
YJ9G2RPUL,leo,ROSA,506,506,506,506,506,506,506,506,506,506,506,506,506,506,506,506,506,506,506,506,506
YJ9G2RPUL,leo,RUFFS,346,346,346,346,346,346,346,346,346,346,346,346,346,346,346,346,346,346,346,346,346
YJ9G2RPUL,leo,SAM,512,512,512,512,512,512,512,512,512,512,512,512,512,512,512,512,512,512,512,512,512
YJ9G2RPUL,leo,SHELLY,574,574,575,575,579,579,579,579,579,579,579,574,574,574,574,574,574,574,574,574,574
YJ9G2RPUL,leo,SPIKE,493,495,495,495,495,495,502,502,502,502,502,502,502,502,502,502,502,502,502,502,502
YJ9G2RPUL,leo,SPROUT,236,236,236,236,236,236,236,236,236,236,236,236,236,236,236,236,236,236,236,236,236
YJ9G2RPUL,leo,SQUEAK,337,337,337,337,337,337,337,337,337,337,337,337,337,337,337,337,337,337,337,337,337
YJ9G2RPUL,leo,STU,615,605,605,594,607,593,593,593,593,593,593,574,574,574,574,574,574,574,574,574,574
YJ9G2RPUL,leo,SURGE,574,571,571,630,630,630,630,630,639,632,632,624,624,624,624,624,624,624,624,624,624
YJ9G2RPUL,leo,TARA,574,574,574,574,574,574,568,568,568,568,568,568,568,568,568,568,568,568,568,568,568
YJ9G2RPUL,leo,TICK,502,502,502,502,502,502,502,502,502,502,502,502,502,502,502,502,502,502,502,502,502
YJ9G2RPUL,leo,WILLOW,363,363,363,363,363,363,373,373,373,380,380,380,380,380,380,380,380,380,380,380,380
